InvestmentName,VaR_95(%),StdDev,Risk_of_Loss (%),Beta,Sharpe,stddev,stddev_1M,VaR95_daily,current_ratio,quick_ratio,debt_ratio,gearing,leverage,net_leverage
TGTG.DE,"-4,43","0,0279669","31,84","0,0002756","0,0123834","0,0280242","0,0266039","0,0412015","3,286604",,0,0,0,"-1,0803803"
UUUG.DE,"-3,32","0,0195286","35,29","0,0000846","0,0448915","0,0322145","0,0176495","0,0504986","1,958127","2,5285726","0,3668246","0,7078832","6,9799356",
VSCk.DE,"-21,02","0,1278057","49,41","0,0019288","0,0246071","0,0407385","0,0339632","0,0578796","4,0076882","4,0112641",0,0,0,"1,7978069"
HRPKk.F,"-8,3","0,0502131","27,1","0,0001229","0,0300308","0,0234666","0,0276271","0,0716086","1,5223258","1,533246","0,6855779","2,9185869","8,3789124","6,4578525"
LUMG.F,"-0,93","0,0058589","6,11","0,000031","0,0280927","0,1922192","0,1440306","0,1996498","1,2325058",,"0,0000495","0,0003192","0,0003258",
AAQG.DE,"-6,9","0,0430118","46,12","0,0001087","0,0255713","0,0338191","0,0179064","0,0571794","3,1819639","4,0415739","0,1008263","0,1374451","-0,9093894","-0,3775443"
ARLG.DE,"-99,64","0,6038727","48,85","0,0292595","0,0252986","0,0230354","0,0109816","0,053936",,,"0,3788789","7,0242684",,
E7SG.DE,"-26,62","0,1530399","38,87","0,0010679","0,0536164","0,0302221","0,0276504","0,0571539","2,2038473","4,0295036","0,6140231","2,2335383","2,0798728",
ADNGk.DE,"-142,84","0,8211664","47,1","0,0138426","0,0349871","0,0233042","0,0142987","0,0684375","1,4162045",,"0,1809648","0,526079","1,5246442",
ADSGn.DE,"-333,61","1,9124369","43,89","0,0767074","0,05335","0,01519","0,0117741","0,0302894","1,397651","1,9780015","0,1445702","0,3404518","1,3321823","0,4092788"
ADDG.DE,"-28,03","0,1833223","58,02","0,00473","0,0257516","0,0222876","0,0137157","0,0379531","1,943495","3,0423078","0,2911336","0,6757744","1,869532","-0,0079151"
ADLG.DE,"-40,23","0,2479824","53,44","0,0085581","0,0275201","0,0201436","0,0152087","0,056688","0,9793199","1,5053125","0,6963416","2,9778191","29,2303641","28,9963112"
ADAG.DE,"-42,47","0,2670649","55,34","0,0115537","0,0258501","0,0309168","0,0172174","0,0593817","2,2048485","2,8559901","0,1152847","0,2090487","0,7045767","-0,3470487"
AGXG.F,"-1,57","0,0095434","8,4","-0,0000155","0,0283567","0,1196328","0,1405292","0,2128505","6,1266166",,"0,0013468","0,0014927","-0,0050473","0,3952435"
AAHG_p.F,"-19,95","0,1235828","20,23","0,0006699","0,0337549","0,0178408","0,0168007","0,0313598","2,7922417","4,5235762","0,1649098","0,289585","3,0781234",
AAHG.F,"-28,11","0,1728094","13,41","0,0004034","0,0344823","0,0239402","0,0215814","0,0359832","2,7922417","4,5235762","0,1649098","0,289585","3,0781234","3,0898006"
AIXGn.DE,"-36,29","0,2283292","54,2","0,0035673","0,0271169","0,0335281","0,0042591","0,0549339","3,8411709","4,7063862",0,0,0,"7,5400673"
ABAG.F,"-108,89","0,6536084","12,16","0,0015901","0,0498828","0,0137241","0,0066749","0,0303952","1,2268627","1,3829922","0,0493935","0,1944391","0,4481586",
MTVG.DE,"-16,52","0,0948195","35,4","0,0003769","-0,0184302","0,0397316","0,0410751","0,0930288","1,4020283",,"0,7692093","15,9382347","87,3942392",
A1OS.DE,"-261,09","1,6361218","44,79","0,0409557","0,0229649","0,0279015","0,0142387","0,0468834",,,,,,
AEIG.DE,"-42,66","0,2595844",50,"0,0084865","0,0277205","0,0168177","0,0125932","0,0437711","1,9018402","1,9645708","0,3529984","1,0486512","4,7674917","1,15307"
SWOG.F,"-5,23","0,0320081","3,82","-0,0002083","0,0284643","0,0162869","0,0127797","0,0551145","0,8596315",,"0,3934996","0,7388031","23,2321631",
ALVG.DE,"-396,36","2,4378695","51,91","0,1346894","0,0159795","0,018437","0,0123107","0,0355341",,,"0,0378506","0,5088845",,
ANOG.DE,"-2,81","0,0173706","44,02","0,0002265","0,0410926","0,0302869","0,0256641","0,063571","0,7629576","0,9629188","0,480283","-4,5497437","-14,1581996","-13,8234099"
ATFG.DE,"-1,28","0,0079683","25,19","0,0000472","0,1173147","0,2959785",0,"0,1522259","1,1784688","1,5821793","0,130502","0,2742528","3,9088191",
AOXG.DE,"-23,83","0,1472187","53,82","0,0055725","0,0268835","0,0124609","0,0074923","0,043607","1,2296045",,"0,5432927","1,2918499","37,7813657","27,3341785"
AMDG.DE,"-203,38","1,2390467","50,38","0,0526715","0,0144939","0,019424","0,0121253","0,0393154","2,8251052",,0,0,0,"0,3936607"
TXAG.F,"-0,36","0,0022625","2,67","0,0000071","0,0280461","0,2334883","0,5048796","0,3029639","0,8513868","1,119003","0,1341758","0,3608196","-0,2857143",
AROG.DE,"-0,33","0,0020622","19,18","0,0000085","0,0306333","0,1025357","0,1026653","0,1226608","0,6189812","0,7839648","0,2188047","4,4906605","6,8338959","3,710505"
AYDGn.DE,"-16,33","0,0971612","26,97","-0,0004687","0,0064957","0,0360906","0,0323827","0,0652778","0,6770012",,"0,0981694","0,7337202","0,4124891",
5ABG.F,"-3,32","0,0211471","13,14","0,0002989","0,0763441","0,0998938",0,"0,0999488","0,9885792","1,0008816","0,1193064","0,4048339","-0,2041314",
AOFG.DE,"-253,51","1,5594764","50,58","0,0507958","0,0218578","0,0274854","0,0162761","0,0412226","2,9122484","2,913078",0,0,0,"1,9658639"
NSUG.DE,"-1223,71","7,5304479","49,43","0,2493396","-0,094227","0,0124196","0,0088795","0,0233333","1,4289691","1,722047","0,0598629","0,1599209","0,3715692",
NAFG.DE,"-189,94","1,173289","50,38","0,0407144","0,0273496","0,0234714","0,0138923","0,0397183","2,3417575","3,8176238","0,1713706","0,3525906","2,0486293","0,303721"
AVES.DE,"-109,62","0,7201446",50,"-0,1001413","0,2495735",,,,"0,3627814",,"0,8913049","12,4373466","29,0028015",
SPRGn.DE,"-102,67","0,6538644","54,2","0,031206","0,0235704","0,0148184","0,0090283","0,0304809","0,8566784","0,869749","0,1926146","0,6074078","2,3065169","1,9042867"
BTTG.F,"-0,3","0,0018489","0,76","-0,0000159","0,0280079","0,1959071","0,0898804","0,9623025",,,,,,
BASFn.DE,"-173,17","1,0447853","48,85","0,0663042","0,0319772","0,0158787","0,0119154","0,0311751","1,7256252","2,4065046","0,2241092","0,5134882","1,4152625","1,1526529"
BSLG.DE,"-176,43","1,0206271","48,46","0,0140271","0,0329936","0,0179014","0,0128074","0,0466313","3,4994363","4,6025418","0,2852838","0,4841823","1,5931672","0,7794289"
BST1.DE,"-20,77","0,1315255","51,56","0,0019887","0,0232752","0,0192194","0,0227183","0,0255873","0,7868269","1,1416386","0,2929083","0,7032304","1,91021","1,1318553"
B5AG.DE,"-47,2","0,3076324","67,18","0,0081253","0,0161779","0,0234299","0,0178397","0,0478068","1,5461049","2,2079581","0,4299539","1,6233496","7,9007408","7,1008192"
BAYGn.DE,"-263,82","1,6951695","49,62","0,0918577","0,0181627","0,0171696","0,0118211","0,0299217","1,4028857","1,9064193","0,2593314","0,7899856","1,8263148","1,804919"
BYWGnx.DE,"-75,19","0,4560747","51,91","0,0127238","0,0244586","0,0165547","0,0132898","0,0316347","1,3504252","2,1280752","0,4501927","3,3564772","8,7797833","6,6958748"
BYWG.DE,"-106,05","0,6504883","41,67","0,003244","0,0642237","0,0202012","0,0111661","0,0454341","1,3504252","2,1280752","0,4501927","3,3564772","8,7797833",
BKTG_p.F,"-3,47","0,0213765","1,91","-0,0001805","0,028199","0,1923683","0,0592725","0,3195286",,,,,,
USEG.DE,"-2,12","0,0129592","40,71","0,0001342","0,0269365","0,0579179","0,040244","0,0608236","1,3034536","1,9306506","0,3820133","3,3523168","-5,274376",
BC8G.DE,"-210,15","1,2798965","56,49","0,0567576","0,0159906","0,014594","0,0097134","0,0374644","1,9631165","2,3294552","0,0573869","0,1063722","0,4236423","-0,3235177"
BEIG.DE,"-177,82","1,1092085","51,53","0,0511819","0,0238481","0,0132807","0,0105748","0,0234165","2,1744548","2,5752856","0,0139677","0,0229226","0,0882353","-1,9456016"
BEZ.DE,"-24,05","0,1456612","49,21","0,0016138","0,0349122","0,0215269","0,0112049","0,0383329","1,6358874","2,076307","0,2755716","1,1385121","3,7007348","-0,4267795"
MBHG_p.F,"-583,58","3,3830255","28,24","0,0817667","0,1847876","0,0134286","0,0081959","0,0353058","3,0531668","3,7753883",0,0,0,
BDTG.DE,"-289,49","1,7787638","59,16","0,0741222","0,003182","0,019199","0,0114876","0,0399262","1,660829","1,663548","0,070411","0,1240285","0,342113","-0,1575603"
ARTG.DE,"-245,2","1,4073231","50,38","0,0421912","0,030752","0,0240285","0,020653","0,0536027","3,7271554",,0,0,0,"-2,1333083"
BHSG.F,"-59,24","0,3546239","6,49","0,0017619","0,0402344","0,0277356","0,0272048","0,0428304","3,2069871","4,8053586","0,0153933","0,0470476","0,1367163",
BIJG.DE,"-118,86","0,7353483","47,71","0,0152291","0,0263707","0,0139394","0,0096294","0,0307505","7,0471566","8,9766383",0,0,0,
GBFG.DE,"-127,46","0,792806","47,33","0,0299732","0,0265701","0,0241305","0,0163742","0,0410007","1,0323461","1,0876851","0,1053241","0,3747426","2,0580475","2,1017377"
B8FGn.DE,"-14,45","0,0846707",50,"0,0014591","0,0275302","0,0314517","0,0192501","0,068561","2,3474567","2,8458918","1,2737531","-2,515564","-1,2844054",
BIOG.DE,"-62,07","0,3746099","44,06","0,009601","0,0309739","0,0242396","0,0126399","0,0391282","4,6645469","6,4030207","0,3579516","0,8360019","14,9826087",
BIOG_p.DE,"-53,96","0,3297048","55,34","0,0106298","0,0232224","0,0244535","0,0101136","0,0391649","4,6645469","6,4030207","0,3579516","0,8360019","14,9826087","7,4844783"
BTBA.DE,"-4,78","0,0290967","35,74","0,0002985","0,0329729","0,0384114","0,0326561","0,0512305","2,5697039","2,7544796","0,0955724","0,1473863","-1,4248264","-2,5228924"
BMWG_p.DE,"-203,45","1,2529405","58,4","0,0679965","0,0095319","0,020031","0,0102227","0,0340093","0,9426751","1,1114635","0,5060752","2,0487421","4,9297313",
BMWG.DE,"-249,04","1,55357","51,15","0,0926937","0,0167855","0,0208017","0,0115104","0,0348236","0,9426751","1,1114635","0,5060752","2,0487421","4,9297313","0,0335535"
BSYG.F,"-0,53","0,0029924","6,25","-0,0000014","0,0245859","0,14811","0,2419055","0,1600099",,,,,,
BNNn.DE,"-72,5","0,4210728","44,33","0,0050039","-0,0997967","0,0255644","0,0369669","0,0420498","1,9503036",,0,0,0,
BNRGn.DE,"-128,96","0,7889202",50,"0,0356798","0,0272217","0,017147","0,0110021","0,0256601","1,7820461","2,297947","0,3226542","0,8505517","2,801369","2,1159237"
DTDGk.DE,"-15,87","0,0924295","22,35","0,0007183","0,0736693","0,0276239","0,0238554","0,0573484","0,5220038",,"0,322585","0,6826841","5,7624",
BVB.DE,"-12,14","0,0720113","45,04","0,0018116","0,0280809","0,0161693","0,0117279","0,0388196","1,5452158","1,6741064","0,0509487","0,0698774","0,2495731","-0,4326857"
COKG.DE,"-139,81","0,8433504","54,96","0,0321793","0,0263398","0,0200569","0,0166707","0,0444685","1,7381464","1,9132669","0,1315729","0,2889136","0,8837574","-0,6291148"
HWAG.DE,"-23,79","0,1509894","52,67","0,0044032","0,0254205","0,0228496","0,015275","0,0516791","1,5831771","1,5966075","0,6983232","3,6273164","9,0782154","7,9476686"
CSHG.DE,"-66,03","0,4045764","58,4","0,0162628","0,0227648","0,0218172","0,0109895","0,0449454","2,5395047","2,5427055",0,0,0,"-0,8483667"
CEVG.DE,"-31,48","0,1876332","46,18","0,0043277","0,0292554","0,0143114","0,0079332","0,0435496","2,043819","2,6658664","0,2005361","0,4027361","1,7316985","0,9785647"
CWCG.DE,"-219,96","1,276383","47,71","0,0435312","0,0379557","0,0179301","0,0203845","0,0336661","1,2297668","1,5894933","0,0187686","0,0355778","0,0814737","-0,1405912"
CSGG.F,"-6,88","0,0425708","9,16","0,00001","0,0290376","0,2537804","0,0932846","0,170957","6,8674855","6,969774","0,2444867","0,3541697","1,2140819",
CU1G.DE,"-28,38","0,1683354","44,66","0,0022018","0,0289019","0,0202084","0,0137323","0,0351903","2,5951737",,"0,5580692","1,4760034","7,4399046","7,0479713"
CAGGk.DE,"-66,75","0,4192134","56,54","0,0047721","0,0324448","0,0124565","0,0075892","0,0801482","3,0115959","3,0115959",0,0,0,"629,5202952"
CNWKk.DE,"-16,07","0,0963418","52,94","0,0003974","0,0248934","0,0351389","0,0185162","0,0810012","5,9711182","6,0999267",0,0,0,"2,3567372"
CDBG.DE,"-23,66","0,1465375","51,91","0,0036784","0,0272251","0,0147727","0,0146742","0,0306427",,,0,0,,
CBKG.DE,"-30,77","0,1960002","55,73","0,0086313","0,025899","0,0302602","0,0198975","0,0528655",,,"0,0890151","1,6195225",,
COPMa.DE,"-118,85","0,707622","50,76","0,0282359","0,0281208","0,0193355","0,0099018","0,0443153","0,8496215","0,8831907","0,4777005","1,9667327","3,3826621","2,9268358"
EV4G.DE,"-7,68","0,04659","40,84","0,0008162","0,0281705","0,0187892","0,0235831","0,0389016","0,7851413","0,7977353","0,3849083","10,0221247","1,915492","0,8930161"
CONG.DE,"-540,6","3,3974474","49,62","0,1985723","0,0112478","0,0189522","0,0108557","0,0454413","1,0882834","1,3659593","0,1622259","0,4166021","0,8559996","0,6401009"
1COV.DE,"-139,45","0,782735","48,09","0,0333322","0,0320496","0,0215364","0,0215332","0,0343356","0,9283523","1,3190184","0,2708195","0,7931034","1,7993691","1,9036772"
ACWNn.DE,"-106,76","0,6264157","26,18","-0,0005732","0,0148908","0,0203895","0,0120424","0,0360538","3,8759519","5,5458275","0,1152143","0,1735921","0,9339433","0,075054"
AFXG.DE,"-95,58","0,5708612",50,"0,0201641","0,0266593","0,017894","0,0125296","0,0329393","2,9992025","3,7278181","0,0266965","0,0417504","0,1908248","-1,6579346"
CE2G.DE,"-19,58","0,1209606","46,18","0,0034668","0,0273588","0,0288746","0,0195928","0,044896","1,0863016","1,5552192","0,0103284","0,016636","0,0473557","0,7151035"
CURG.DE,"-5,4","0,0334916","40,91","0,0003181","0,0607241","0,030907","0,0270704","0,0551935","3,7116645","5,4292267","0,0007951","0,0011312","0,00481","0,8177008"
DAIGn.DE,"-191,51","1,2011973","53,82","0,0705009","0,0201312","0,0193591","0,0127216","0,0373451","1,1915647","1,4998119","0,4657359","1,8883516","5,4971466","-0,4597355"
DAMG.DE,"-91,17","0,5041921","33,89","-0,0020405","0,0459075","0,0125849","0,0116285","0,0402386","2,9153005","4,3386824","0,0774388","0,1161903","0,4312735","0,4004682"
FAM1.F,"-4,72","0,0286474","11,07","-0,0001206","0,0289719","0,0850946","0,0716615","0,1754715","11,6448496",,0,0,,
ERMGk.DE,"-15,94","0,0988231","48,26","0,0020748","0,0345503","0,0302995","0,0167721","0,0480071","0,8186625","0,8201821","0,1379216","0,8398617","-0,5288134","-0,1428766"
333.DE,"-29,84","0,1820375","31,82","0,0037564","-0,021953","0,073398","0,094844","0,1207289",,,,,,
DEXGn.DE,"-73,87","0,4626174","49,24","0,0000658","0,0269002","0,0285632","0,0272878","0,0418008","1,1173634","1,7574284","0,0946529","0,3033557","0,8272961","-0,4698683"
DMRE.DE,"-12,43","0,0767444","51,75","0,0010154","0,0262764","0,0156547","0,009146","0,0700303","1,0006452","1,0328766","0,6343406","2,840258","15,818623",
DBKGn.DE,"-74,36","0,4731708","55,34","0,0244734","0,0245596","0,0341444","0,0332614","0,045305",,,"0,1548176","3,7446625",,
DBANn.DE,"-80,12","0,4782711","50,38","0,0179757","0,0234345","0,0183228","0,0127958","0,0345299","3,213015",,"0,0053032","0,0057241","0,0651986",
DB11.DE,"-203,8","1,2320771",55,"0,0754743","-0,0958802","0,0174772","0,0108494","0,0287475","0,9993582",,"0,07915","4,0080425","10,371098",
DEQGn.DE,"-76,21","0,4748584","52,29","0,0178898","0,0241021","0,0118194","0,0081021","0,0252356","1,2117729",,"0,365459","0,7962213","7,9706397","7,7995379"
PBBG.DE,"-33,3","0,2038574","56,49","0,0081181","0,025801","0,0238267","0,0108695","0,0348775",,,"0,6556672","15,9406409",,
DPWGn.DE,"-64,43","0,3868961","43,89","0,0210573","0,0287887","0,0168149","0,011043","0,0310964","1,0218192","1,0421212","0,1367309","0,4692768","1,3428423","0,8927432"
DTEGn.DE,"-37,57","0,2345718","56,11","0,0131659","0,0266956","0,0152177","0,0115868","0,0273364","0,9593418","1,0143973","0,4268205","2,0893878","3,1965447","2,4626668"
DWNG.DE,"-71,77","0,4300696","48,09","0,0155601","0,0261542","0,0140956","0,0144866","0,0467122","2,4503053","2,6417486","0,3827846","0,7881911","5,0009803","4,3472366"
DREGa.F,"-18,76","0,1143704","7,63","0,0005662","0,0303079","0,0608626","0,0485298","0,1301852","0,4839915",,"0,7510107","3,839925","7,6104234",
DEZG.DE,"-17,47","0,1017351","46,18","0,0040759","0,0285272","0,0299265","0,0198679","0,047803","1,5980109","2,4061598","0,0675489","0,1498777","0,5970755","0,6358059"
DFTKn.DE,"-52,66","0,3368074","27,75","0,0022149","0,0233524","0,1319069","0,0276119","0,1058204","0,9209041",,"1,6551931","-2,0928986","-2,6872216",
DICn.DE,"-20,71","0,1271251",50,"0,0053091","0,0268924","0,0150358","0,0102326","0,0507351","1,5367034",,"0,5439578","1,6974258","3,8463696","4,1375918"
WING.DE,"-147,04","0,8483954","49,62","0,0115514","0,0335191","0,0193955","0,0050841","0,036653","1,0765396","1,4171385","0,0813131","0,3318008","0,659282","0,309769"
DIEG.F,"-33,77","0,2037992","2,69","-0,0003475","0,032703","0,0199104","0,0195703","0,0452498","1,2100425","1,7838606","0,3437827","1,3629213","8,450553",
GILG.DE,"-68,13","0,4050084","43,89","0,0132387","0,034182","0,0104015","0,0044437","0,0467842","1,8078207","2,4646536","0,0355851","0,0671171","0,3455956","-1,5590391"
HNLG.DE,"-76,47","0,4625485","47,89","0,013133","0,0365523","0,0205001","0,0145052","0,03509","2,6671011","4,0277506","0,1215993","0,19806","0,6974853","0,0510493"
DRWG_p.DE,"-221,01","1,3358993","50,76","0,0441219","0,0243931","0,0226284","0,017681","0,0420695","1,7092551","2,1997186","0,1387338","0,3395784","2,0327026","1,7930514"
DRWG.DE,"-164,31","1,0015916","52,11","0,0271125","0,0235006","0,0199283","0,0130907","0,0316747","1,7092551","2,1997186","0,1387338","0,3395784","2,0327026","1,7930514"
DRIG.DE,"-126,43","0,7862715","53,44","0,0275542","0,0237196","0,0219796","0,0141887","0,0451533","1,4113994","1,5724073","0,2428757","0,473819","1,4500746","-0,0960232"
DKAG.F,"-131,33","0,7746339","15,27","0,0053895","0,0561615","0,0319948","0,0419973","0,0641275","3,8459668","4,9263367","0,0468957","0,0904655","0,1989185",
DUEG.DE,"-247,11","1,5131488","52,29","0,0841087","0,0181456","0,0247828","0,0138811","0,0405234","1,0695899","1,2988082","0,199425","0,8544391","1,9942377","-0,1526513"
DVBG.F,"-39,98","0,2502909","10,34","0,0002197","0,0270388","0,0094121","0,0099969","0,0170108",,,"0,5217715","9,7142657",,
EONGn.DE,"-30,1","0,1872251","53,82","0,0087758","0,0268377","0,0263709","0,0184267","0,0337759","1,1984511","1,2745784","0,1560518","1,0799197","2,8112819","0,8189259"
ESYG.DE,"-22,29","0,1265821","18,38","0,0009741","-0,0013408","0,0243499","0,0194547","0,051878","1,1019438","1,1463131","0,1359654","0,2206623","1,011134",
EUZG.DE,"-46,53","0,2748605",50,"0,0060922","0,0274751","0,0133815","0,0100996","0,0360807","2,2584381","2,8960444","0,0789522","0,1557551","1,2006495","-0,0695894"
E4CG.DE,"-32,6","0,193272","42,04","0,0020372","0,0192453","0,0200577","0,0170677","0,0565021","1,2064365","1,2064365","0,1021971","0,262061","0,7523118","0,0146525"
EING_p.DE,"-94,26","0,542521","41,77","0,0046178","0,0339036","0,0153398","0,0072261","0,0361575","2,4638379","3,8310011","0,1081235","0,208083","1,717946","1,4263828"
EISG.F,"-59,1","0,3595743","9,54","0,0012653","0,0414433","0,0226814","0,0171194","0,0382973","386,3623188",,0,0,0,
ELNk.F,"-23,65","0,1385077","24,14","0,0001137","0,0348782","0,0612979","0,037534","0,1209223","0,9413899",,0,0,,
ELGG.DE,"-43,63","0,2642852","44,66","0,009956","0,0289119","0,0228323","0,0152185","0,0473397","3,4275916","4,664539","0,1199924","0,168507","0,7159884","-0,4443575"
ZILGn.DE,"-73,16","0,4643214","61,83","0,0217509","0,0211108","0,0254624","0,0144317","0,0435419","1,6306296","2,3899345","0,3033702","0,651984","2,4047593","2,0937108"
ELBG.DE,"-63,13","0,3954032","43,58","0,0004858","0,0877005","0,0309103","0,0163641","0,0574794","4,9577453","8,3949158","0,1911678","0,2851323","-2,9445793","4,7228964"
EMQG.DE,"-2,56","0,0155134","19,67","0,0000209","0,0012111","0,7191011","1,4475621","0,4959442","1,110273","1,603952","0,408963","1,1164118","17,9505882",
EBKG.DE,"-65,76","0,4098522","41,04","0,0039125","0,0117114","0,0180157","0,0196941","0,0273796","1,355007","1,4495958","0,1983374","2,339113","3,9106082","4,3197437"
EKTG.F,"-42,34","0,2488011","21,07","0,0016283","0,0427444","0,0198642","0,0204418","0,0515878","2,1907619","2,6223494","0,6993746","5,5317677","4,2371201","4,2008258"
EXJ.F,"-3,19","0,0194721","0,76","-0,0000638","0,0282223","1,0032315","0,1670263","0,4893959","103,5490196",,0,0,0,
ECXn.F,"-35,94","0,2119479","45,95","0,0033104","0,0299205","0,0756484","0,0104422","0,0840008","2,0397501","2,2436116","0,0849341","0,1507467","-0,1242741","0,7449477"
EUCAn.DE,"-29,7","0,1870799","51,72","0,0021357","0,0289099","0,0276007","0,0132772","0,0382103","0,9025545","1,1179696","0,3389785","0,9501004","13,2561363","13,4204447"
EVDG.DE,"-84,8","0,5361393","54,2","0,0236917","0,0228382","0,0168322","0,0131022","0,0359285","1,1083716","1,1119011","0,3601412","1,1869742","2,2199574","-0,9040771"
EVKn.DE,"-80,85","0,508668","55,73","0,0255635","0,0239755","0,019046","0,0090869","0,0253273","2,173277","2,7464239","0,0914437","0,207527","0,7179132","0,4097333"
EVTG.DE,"-14,04","0,080777","51,15","0,0035726","0,0279715","0,0211173","0,0107119","0,0475627","2,9599291","3,0154787","0,0817085","0,127093","0,7648834","-1,7223122"
BTCGk.F,"-28,05","0,1609129","44,66","0,0023601","0,0309614","0,0246854","0,0137704","0,1691447","1,4783439","2,2791416","0,6380043","2,208407","-30,4420078",
FVIG.DE,"-22,32","0,1345859","41,58","-0,0009507","0,0451608","0,0173631","0,0129064","0,0404014","0,873074",,"0,4362223","1,2288153","9,539485","8,7575296"
HBD1.F,"-14,96","0,0890181","6,11","-0,0002917","0,029649","0,0544339","0,0071792","0,2011677","181,7241379",,0,0,,
FIEG.DE,"-138,98","0,8602475","50,76","0,026662","0,0211721","0,0120474","0,0060194","0,0251628","2,7189538","3,4083646","0,0018572","0,0024792","0,0059289","-0,8914258"
SISG.DE,"-41,48","0,2470724","47,1","0,0062519","0,0298588","0,0210675","0,0178671","0,0400766","2,5407553","3,5484051","0,3552536","0,7715381","4,8239561","2,4416136"
FRSG.DE,"-15,48","0,100605","24,81","0,0007424","0,0081115","0,0270845","0,0557728","0,0520231","6,4000947","8,7674877",0,0,0,
FEVG.DE,"-31,36","0,1807334","33,33","0,0016298","0,0312504","0,00999","0,0115763","0,0335084","3,6323631","5,7155596","0,1632306","0,261817","0,9883511",
FPHG.DE,"-10,63","0,0636722","30,27","0,0011729","0,0318801","0,0156086","0,0146047","0,0556352","0,9218036","1,0837512","0,2326217","1,0775962","1,347265","0,4598554"
FRAG.DE,"-127,72","0,7847153","47,33","0,0290194","0,02863","0,0153584","0,0096345","0,030903","0,8334842","0,8722172","0,4314763","1,110581","4,4695001","3,5979466"
FNTGn.DE,"-63,65","0,4053742","56,49","0,0180019","0,0223957","0,0153326","0,0079492","0,0400863","0,7876857","0,8652223","0,2345482","0,482268","1,7267619","1,0445752"
FREG.DE,"-179,51","1,0941524","51,91","0,0616523","0,0269814","0,0165953","0,0184532","0,0276006","1,361122","1,7342466","0,341614","1,3242177","2,88739","2,6538489"
FMEG.DE,"-199,79","1,2288343",50,"0,0629413","0,0228868","0,0163901","0,0121399","0,0235226","1,4910496","1,7885677","0,3416699","0,895484","2,8899673","3,2438997"
FNGG.F,"-30,56","0,1869498","32,06","0,0016143","0,0305814","0,0609229","0,0384817","0,1437883",,,0,,,
CEAG.DE,"-73,66","0,4189177","15,62","0,0042757","-0,0270611","0,0215349","0,0196741","0,0518341","1,4380332","2,2566536","0,204875","0,7813287","1,6555212",
FROG_p.F,"-1,9","0,0115445","0,38","0,0000308","0,0280972","0,3768957","0,0195325","0,4842475",,,,,,
FROG.F,"-2,44","0,0150106","0,77","0,0000077","0,0296144","0,1239959","0,015362","0,3579035",,,,,,
FPEG_p.DE,"-92,64","0,5811074","53,44","0,0345308","0,0204745","0,0157497","0,0094085","0,0366071","2,2893157","3,1812725","0,0118768","0,0165544","0,0474785","-0,0793821"
FPEG.DE,"-83,95","0,5187385","60,69","0,0280508","0,0157441","0,0157033","0,0106818","0,0346591","2,2893157","3,1812725","0,0118768","0,0165544","0,0474785",
G1AG.DE,"-148,3","0,9097655","53,05","0,0292974","0,0286674","0,0179406","0,0094757","0,0392023","1,6201152","1,8938257","0,0756284","0,1627987","0,7341957","-0,434239"
WWGG.F,"-3126,49","18,6662223","6,51","0,1247575","0,4916559","0,0257981","0,009177","0,0303963","1,277118","1,3523357","0,0636462","0,1369072","1,3088042",
GMEG.DE,"-35,97","0,2147419","43,15","0,0006732","0,0206275","0,018317","0,0104533","0,0391127","4,6081548","5,8451717","0,0885473","0,1189944","0,7700411",
GXIG.DE,-176,"1,0864613","51,15","0,0503432","0,0260726","0,0170069","0,01179","0,0327939","0,8031432","1,0816761","0,4087859","1,5792211","3,7608522","3,4360869"
GWIG.DE,"-53,55","0,336911","60,31","0,0122284","0,0249465","0,0301092","0,0239008","0,0372767","2,5049835","3,5683276","0,2671401","0,5187527","2,1794833","1,1461576"
GSC1n.DE,"-117,18","0,7225196","48,85","0,0109201","0,028055","0,0098646","0,0081567","0,0312455","2,1324248","3,2993216","0,285739","0,6508241","2,2647047",
GFKG.DE,"-118,79","0,7342444","54,96","0,0141955","0,0269398","0,0236181","0,0103575","0,0343933","0,9112207",,"0,2840893","0,7428227","1,7843547","1,2888752"
GFTG.DE,"-101,08","0,6385768","58,02","0,0276505","0,0220456","0,0276469","0,0134835","0,0463396","1,6921627",,"0,2553084","0,670459","1,8237535","0,3278629"
GGS.DE,"-5,64","0,0342593","40,71","0,0005315","0,0437794","0,0581922","0,0422529","0,0737922","1,1042195","1,3203893","0,0019268","0,0238575","0,0296307",
GKSG.DE,"-176,52","1,0049729","31,45","0,0023312","0,04109","0,0217721","0,0154145","0,0409023","1,4531335","1,5278485","0,2172746","0,5082593","6,1491878",
GMMG.DE,"-165,57","0,9625254","42,75","0,039131","0,036056","0,0250813","0,0239443","0,0448006","1,737747","2,1477641","0,2949981","1,1583427","3,6829824","2,5715602"
GLJn.DE,"-480,05","2,9980275","54,2","0,1001555","-0,0056928","0,0181902","0,0100274","0,0325876","1,1905577",,"0,2477305","1,4572779","5,3997829",
GIBG.F,"-457,34","2,7329949","4,21","-0,0049165","0,1303119","0,0380533","0,024188","0,0396027","2,5828347",,"0,3476695","0,6624968","10,4937658",
G7BG.F,"-0,49","0,0030026","1,91","0,0000026","0,0280603","0,1476132","0,2743552","0,1921395","0,4175927","0,82128","0,7190074","4,0081158","-290,0089699",
2HR.DE,"-50,31","0,2926696","47,71","0,0093461","0,0309792","0,0239183","0,0173937","0,0433447","1,645262","2,1937274","0,2575804","0,6614229","1,7593586","1,2275404"
HABG.DE,"-18,26","0,1144364","58,4","0,0046756","0,0249064","0,0119484","0,0106043","0,0287214","1,1804968",,"0,4377266","0,8479612","14,544245","14,7705174"
HNRGn.DE,"-249,36","1,5392261","48,85","0,0841785","0,0228955","0,0163734","0,0107419","0,0332028",,,"0,028448","0,2228879",,
H9YG.F,"-21,07","0,1242993","7,63","0,0007802","0,0314724","0,0362317","0,0110049","0,0587254","0,7970873","1,3666522","0,2667063","1,3589639","33,1597253",
HLAG.DE,"-70,43","0,4331026","55,73","0,0077312","0,0250948","0,026102","0,0177861","0,041096","0,652328","0,691551","0,3526731","0,7755041","5,042328","4,3278558"
HAWG.DE,"-95,94","0,5712681","35,86","0,0026506","0,0263644","0,0121299","0,0124229","0,028935","1,5049627","2,37212","0,060404","0,1559256","0,4849702","0,0525951"
IPOG.F,"-22,02","0,132174","1,27","0,0015822","0,0483387","0,073628","0,0111664","0,074669","1,0269115",,"0,3382417","0,6127332","3,2790405",
HEIG.DE,"-220,81","1,3202067","49,24","0,082675","0,0341565","0,0188209","0,0141529","0,0420458","0,9670639","1,2637765","0,2338305","0,4448259","2,8426735","2,3436287"
HDDG.DE,"-8,24","0,049962","55,34","0,0022267","0,0274991","0,0249888","0,015553","0,0527851","1,8305291","2,662646","0,2253803","1,7319955","1,8369125","1,7956053"
H2Fn.DE,"-15,95","0,1071048","45,31","0,0009976","0,0217443","0,0699982","0,1326902","0,0562613","1,4636604","1,6766606","0,2911307","0,7835019","-0,8614117",
HLE.DE,"-119,06","0,7333667","55,34","0,0399585","0,0229554","0,0225128","0,0152095","0,0373287","1,8796054","2,3129986","0,2641597","0,6688803","1,6904307","0,4312597"
HNKG.DE,"-197,83","1,1972936","52,29","0,0541235","0,0211576","0,0131627","0,0099702","0,0247679","1,0896345","1,3607435","0,0403172","0,065881","0,2676978","0,0609756"
HNKG_p.DE,"-230,24","1,3980221","50,76","0,0752531","0,0252275","0,0130499","0,0116933","0,0257902","1,0896345","1,3607435","0,0403172","0,065881","0,2676978","-0,0700146"
RTMLk.F,"-208,95","1,3287131","3,46","-0,0012316","0,0315931","0,0540179","0,0398989","0,103017","1,6464646",,"0,0963796","0,1606852","-0,4646226",
HHFGn.DE,-41,"0,2429439","47,33","0,0084991","0,0274776","0,018697","0,0134784","0,0364178","2,3318803","2,4503423","0,3169341","1,008906","1,9784307","0,6313057"
HOTG.DE,"-320,38","1,8346068","43,51","0,078007","0,0598931","0,0193979","0,0103297","0,0414611","1,3309527","1,442757","0,2007936","1,242841","2,5933913","-0,2957983"
HOC.DE,"-10,33","0,0650975","40,47","0,0014278","0,0266771","0,024447","0,0196399","0,040985","1,8755221",,"0,0687123","0,0900978","2,3786742","-8,821232"
HBMG.DE,"-66,1","0,4146622","60,31","0,0069459","0,0222407","0,0127908","0,0102924","0,0288077","1,8233936","2,9553674","0,2582561","0,5272895","3,1455603","0,2766928"
HBH.DE,"-194,74","1,2036445","50,76","0,028293","0,0221457","0,0157784","0,0090391","0,0316475","1,7838724","2,8082164","0,2943752","0,7143615","3,1841182","1,0923763"
BOSSn.DE,"-253,84","1,6236311","55,34","0,0548476","0,0085345","0,0275766","0,0113667","0,041473","1,7626801","2,7148818","0,098009","0,1845445","0,2970484","0,1093558"
HYQGn.DE,"-389,49","2,3863617","52,67","0,0811839","0,024049","0,0356114","0,0207655","0,0447114","1,6220346",,"0,1172197","0,2149606","0,4250292",
IFAG.F,"-27,94","0,1631306","12,98","0,0013378","0,0353084","0,0267949","0,0256062","0,0437475","2,0054425","2,040395","0,3121742","0,6269197","3,4545698",
FAOGn.DE,"-80,45","0,478953","37,79","0,0036151","0,0557385","0,0178739","0,0063188","0,0521741","5,9650104",,0,0,0,
INHG.DE,"-112,62","0,6671674","48,85","0,0310513","0,0283045","0,0163708","0,0094497","0,0313232","1,8034093","2,661407","0,3441038","0,8241706","2,661359","2,0742717"
IFS1.F,"-5,52","0,0335326","4,23","0,0000041","0,0313893","0,0139586","0,0112956","0,0424922","1,4307878","1,4418151","0,0073149","0,0308852","0,0804326",
IFXGn.DE,"-46,77","0,2759855","43,51","0,0133661","0,0300602","0,0202434","0,0155133","0,0517628","2,9359477","3,7143791","0,1946737","0,35218","1,0994406","-0,3024435"
IXXG.DE,"-55,81","0,3483592","61,83","0,0055935","0,0207124","0,0230755","0,0158613","0,0368336","1,8769831","2,2951007","0,1351029","0,2759888","1,2644175","0,0830003"
IGY.DE,"-86,96","0,599152",60,"0,0268687","0,0399072",,,,"1,2482292","1,2721983","0,3273132","1,1397081","4,7473105",
ISHG.DE,"-6,51","0,0402","45,04","0,0003327","0,0280994","0,0296917","0,0201361","0,0553743","2,500175",,"0,1804477","0,3117761","1,8115104","-1,5225335"
ITMG.DE,"-8,1","0,053007","28,92","-0,0006114","0,0340556","0,0536675","0,0277088","0,127755","0,6630497","0,681325",0,0,,
IS7G.DE,"-18,92","0,1148397","21,05","-0,0006844","0,0042787","0,0191205","0,0201629","0,0534094","1,0637549","1,5990478","0,4564867","1,119246","3,6527089",
IVXG.DE,"-152,86","0,9503814","32,16","0,0176229","0,0250971","0,020046","0,0208705","0,0531408","1,6926387",,"0,2281871","0,3880236","1,0149653","-0,2966822"
ISRG.DE,"-308,77","1,7841046","51,91","0,0516875","0,0236087","0,021738","0,0244297","0,0390248","1,8253311","2,2251566","0,2383288","0,4265384","1,8414278","1,0204697"
I7NG.DE,"-10,28","0,064202","36,63","0,0009836","0,0803165","0,257557","0,1121456","0,1373884","0,2878368","0,4723439","2,3964497","-1,4819578","-5,2214379",
IVUG.DE,"-13,36","0,0850534","49,62","0,0018138","0,0329646","0,0232354","0,0144918","0,0550624","2,4763347","2,6508357","0,0039276","0,0062435","0,0409357",
JENG.DE,"-42,84","0,2570066","50,76","0,0127646","0,0281912","0,0188303","0,0137273","0,0392088","2,3482716","3,364142","0,1665347","0,2936478","1,3738725","0,9604966"
