	stddev	stddev_1M	VaR95_daily	current_ratio	quick_ratio	debt_ratio	gearing	leverage	net_leverage
TTKG.DE	0,0199868	0,0127703	0,0345851	1,2988738	1,8887626	0,2564787	0,5223638	1,5809912	1,6843793
SPME.DE	0,0296655	0,0338970	0,0637445	0,9279737	0,9853158	0,2435009	0,6032437	0,6891035	0,7108219
DTDGk.DE	0,0276239	0,0238554	0,0573484	0,5220038		0,3225850	0,6826841	5,7624000	
H9YG.F	0,0362317	0,0110049	0,0587254	0,7970873	1,3666522	0,2667063	1,3589639	33,1597253	
SZZG.DE	0,0189256	0,0125038	0,0377719	1,8986977		0,0000000	0,0000000	0,0000000	-0,4607895
O4BG.DE	0,0162545	0,0021645	0,0330703	1,9105711		0,0000000	0,0000000	0,0000000	
MUSG.F	0,4122327	0,3843532	0,3226168	1,6396248	2,0524816	0,1681425	0,3832874	-18,1116487	
YOCG.DE	0,0391687	0,0603993	0,0679685	0,5481762		0,9643887	-1,4833241	-3,0341061	0,2448349
AAHG_p.F	0,0178408	0,0168007	0,0313598	2,7922417	4,5235762	0,1649098	0,2895850	3,0781234	
GGS.DE	0,0581922	0,0422529	0,0737922	1,1042195	1,3203893	0,0019268	0,0238575	0,0296307	
WCHG.DE	0,0216040	0,0156893	0,0468988	1,7014513	2,3797512	0,2003469	0,5667004	1,4892050	1,9841029
MNVG.F	0,0209924	0,0249816	0,0339385	0,6611768	0,7404079	0,2410120	0,6514039	4,2632508	
SHA_p.DE	0,0229556	0,0137210	0,0371717	1,8215318	2,4761561	0,4975160	4,1952703	2,9384761	2,8170865
WDIG.DE	0,0274520	0,0112910	0,0474361	1,4127270	1,4157987	0,1306056	0,2994058	1,6924602	-1,5675784
VOWG.DE	0,0239343	0,0126417	0,0683808	0,9791096	1,2151405	0,3818398	1,6561208	3,1457722	-0,4685332
AROG.DE	0,1025357	0,1026653	0,1226608	0,6189812	0,7839648	0,2188047	4,4906605	6,8338959	3,7105050
SPBG.F	0,0199284	0,0057311	0,0327794	0,9956062		0,0713323	0,0794389	-1,6067416	
SOWG.DE	0,0179820	0,0108008	0,0405896	1,3290721		0,1736485	0,2893123	1,2466996	-0,0688892
SGUG.F	0,1097137	0,0406139	0,1842583			0,0000000			
ISRG.DE	0,0217380	0,0244297	0,0390248	1,8253311	2,2251566	0,2383288	0,4265384	1,8414278	1,0204697
HEIG.DE	0,0188209	0,0141529	0,0420458	0,9670639	1,2637765	0,2338305	0,4448259	2,8426735	2,3436287
QSCG.DE	0,0263861	0,0280223	0,0497245	2,1126901	2,1266480	0,4640095	1,3394984	4,0067197	2,2247454
ILM1k.DE				4,5978330		0,0000000	0,0000000	-0,0000000	
DVBG.F	0,0094121	0,0099969	0,0170108			0,5217715	9,7142657		
PBBG.DE	0,0238267	0,0108695	0,0348775			0,6556672	15,9406409		
G24n.DE	0,0228626	0,0150698	0,0351644	1,3542762		0,3552662	0,8386106	5,1652205	4,6980152
EMH1k.F	0,0240600	0,0253630	0,1047583	2,1249564		0,0000000	0,0000000	0,0000000	
NXUG.DE	0,0187073	0,0112096	0,0437957	1,9240393	1,9540832	0,0161538	0,0234555	0,1125618	-0,3653557
CNWKk.DE	0,0351389	0,0185162	0,0810012	5,9711182	6,0999267	0,0000000	0,0000000	-0,0000000	2,3567372
ADAG.DE	0,0309168	0,0172174	0,0593817	2,2048485	2,8559901	0,1152847	0,2090487	0,7045767	-0,3470487
MVVGn.DE	0,0097764	0,0040626	0,0251516	1,0116441	1,0815529	0,3492757	1,4412538	5,1194036	4,1343454
AMDG.DE	0,0194240	0,0121253	0,0393154	2,8251052		0,0000000	0,0000000	0,0000000	0,3936607
SK1Gn.DE	0,0354232	0,0176058	0,0529187	0,7541346	1,0557672	0,4973810	-158,6582278	21,6539015	21,3072272
MORG.DE	0,0306634	0,0156778	0,0412879	10,9250649	10,9384895	0,0005624	0,0006203	0,0091986	-8,9747358
HLAG.DE	0,0261020	0,0177861	0,0410960	0,6523280	0,6915510	0,3526731	0,7755041	5,0423280	4,3278558
DRIG.DE	0,0219796	0,0141887	0,0451533	1,4113994	1,5724073	0,2428757	0,4738190	1,4500746	-0,0960232
PA8G.DE	0,0698846	0,0297739	0,0879986	5,0693878		0,0000000	0,0000000	-0,0000000	0,2457389
RTMLk.F	0,0540179	0,0398989	0,1030170	1,6464646		0,0963796	0,1606852	-0,4646226	
DB11.DE	0,0174772	0,0108494	0,0287475	0,9993582		0,0791500	4,0080425	10,3710980	
HBD1.F	0,0544339	0,0071792	0,2011677	181,7241379		0,0000000	0,0000000		
DRWG_p.DE	0,0226284	0,0176810	0,0420695	1,7092551	2,1997186	0,1387338	0,3395784	2,0327026	1,7930514
DEZG.DE	0,0299265	0,0198679	0,0478030	1,5980109	2,4061598	0,0675489	0,1498777	0,5970755	0,6358059
OSRn.DE	0,0195316	0,0233434	0,0386835	1,6036961	1,9399384	0,0131223	0,0254751	0,0663857	-0,4350165
ICPG.F	0,0915833	0,0487983	0,1799678	3,7684874		0,0000000	0,0000000		
TVDGk.F	0,0767861	0,0894823	0,1029081	2,9847618		0,7082779	6,0172325	7,3704589	3,7269827
GXIG.DE	0,0170069	0,0117900	0,0327939	0,8031432	1,0816761	0,4087859	1,5792211	3,7608522	3,4360869
CSHG.DE	0,0218172	0,0109895	0,0449454	2,5395047	2,5427055	0,0000000	0,0000000	0,0000000	-0,8483667
MLPG.DE	0,0201893	0,0071160	0,0366219			0,6422387	2,9180953	24,1129319	
A1OS.DE	0,0279015	0,0142387	0,0468834						
DPWGn.DE	0,0168149	0,0110430	0,0310964	1,0218192	1,0421212	0,1367309	0,4692768	1,3428423	0,8927432
VNAn.DE	0,0153010	0,0137159	0,0245439	2,5370436	2,5392959	0,4832828	1,2873749	6,2670688	4,2252485
DTEGn.DE	0,0152177	0,0115868	0,0273364	0,9593418	1,0143973	0,4268205	2,0893878	3,1965447	2,4626668
O2Dn.DE	0,0183418	0,0199476	0,0260484	0,6325267	0,6671356	0,1353429	0,2183897	1,2105263	0,6847446
KU2G.DE	0,0254644	0,0197532	0,0417568	1,3427537	1,5993452	0,1245329	0,4046385	1,2514768	-0,0604515
CONG.DE	0,0189522	0,0108557	0,0454413	1,0882834	1,3659593	0,1622259	0,4166021	0,8559996	0,6401009
GMEG.DE	0,0183170	0,0104533	0,0391127	4,6081548	5,8451717	0,0885473	0,1189944	0,7700411	
WING.DE	0,0193955	0,0050841	0,0366530	1,0765396	1,4171385	0,0813131	0,3318008	0,6592820	0,3097690
DBKGn.DE	0,0341444	0,0332614	0,0453050			0,1548176	3,7446625		
NAFG.DE	0,0234714	0,0138923	0,0397183	2,3417575	3,8176238	0,1713706	0,3525906	2,0486293	0,3037210
UMS.F	0,0477271	0,0186430	0,0492427	2095,8903567		0,0000000	0,0000000	-0,0000000	
KCOGn.DE	0,0219350	0,0195093	0,0523610	2,0585329	3,1021643	0,1918877	0,4934827	12,4764869	12,4956434
BEZ.DE	0,0215269	0,0112049	0,0383329	1,6358874	2,0763070	0,2755716	1,1385121	3,7007348	-0,4267795
ATFG.DE	0,2959785	0,0000000	0,1522259	1,1784688	1,5821793	0,1305020	0,2742528	3,9088191	
LXSG.DE	0,0208769	0,0210736	0,0406229	1,5505102	2,2387755	0,2356282	0,7363636	1,6387283	1,4540364
K1RG.DE	0,0168134	0,0076498	0,0431718	2,1010625	3,1956465	0,2085720	0,4110008	4,6490639	2,6404225
KRNG.DE	0,0175710	0,0190300	0,0355865	1,5252303	2,0751687	0,0254619	0,0620232	0,4566695	-1,6374992
VIBG_p.DE	0,0191806	0,0187376	0,0378378	1,8518330	2,6221996	0,0794848	0,3062954	0,7463127	0,6904499
FIEG.DE	0,0120474	0,0060194	0,0251628	2,7189538	3,4083646	0,0018572	0,0024792	0,0059289	-0,8914258
SIXG.DE	0,0193104	0,0085181	0,0402503	1,4871894	1,5428231	0,4997371	1,9150368	3,1883945	2,8397130
G7BG.F	0,1476132	0,2743552	0,1921395	0,4175927	0,8212800	0,7190074	4,0081158	-290,0089699	
SFXG.F	0,1571337	0,1834433	0,1343129	6,1661161	7,9218971	0,0556201	0,0679240	-0,2323633	
GWIG.DE	0,0301092	0,0239008	0,0372767	2,5049835	3,5683276	0,2671401	0,5187527	2,1794833	1,1461576
ESYG.DE	0,0243499	0,0194547	0,0518780	1,1019438	1,1463131	0,1359654	0,2206623	1,0111340	
HOC.DE	0,0244470	0,0196399	0,0409850	1,8755221		0,0687123	0,0900978	2,3786742	-8,8212320
OBCGn.DE	0,0247472	0,0151338	0,0432868	1,5478178		0,0000000	0,0000000	0,0000000	-1,2419192
RTVGn.F	0,0262555	0,0031489	0,0689427	0,1607191		0,2460662	0,4142786	-5,7184974	
TGTG.DE	0,0280242	0,0266039	0,0412015	3,2866040		0,0000000	0,0000000	0,0000000	-1,0803803
DICn.DE	0,0150358	0,0102326	0,0507351	1,5367034		0,5439578	1,6974258	3,8463696	4,1375918
RWEG_p.DE	0,0290101	0,0200293	0,0346154	1,1096915	1,1876617	0,2176368	2,9529673	3,1593779	
SYZG.DE	0,0141981	0,0168893	0,0312769	1,9770784		0,0000000	0,0000000	0,0000000	-4,8256476
AOXG.DE	0,0124609	0,0074923	0,0436070	1,2296045		0,5432927	1,2918499	37,7813657	27,3341785
XMYn.DE	0,0496873	0,0473668	0,0649977	1,0885903	1,0979845	0,1118895	0,4941100	1,5057199	-1,3412229
ELBG.DE	0,0309103	0,0163641	0,0574794	4,9577453	8,3949158	0,1911678	0,2851323	-2,9445793	4,7228964
WUGG.DE	0,0115080	0,0049549	0,0356967	2,9525883	4,2389565	0,0008185	0,0012109	0,0067469	
RKET.DE	0,0389657	0,0329319	0,0598620	18,0010800	18,0084422	0,1078157	0,1259011	-3,1913121	6,3946779
PSMGn.DE	0,0163909	0,0133723	0,0538773	1,4493770	1,4580672	0,5848269	3,3742405	3,2548671	1,8721631
2HR.DE	0,0239183	0,0173937	0,0433447	1,6452620	2,1937274	0,2575804	0,6614229	1,7593586	1,2275404
GILG.DE	0,0104015	0,0044437	0,0467842	1,8078207	2,4646536	0,0355851	0,0671171	0,3455956	-1,5590391
HNLG.DE	0,0205001	0,0145052	0,0350900	2,6671011	4,0277506	0,1215993	0,1980600	0,6974853	0,0510493
SWAG.DE	0,0150693	0,0154062	0,0315988	1,5769142	2,4828741	0,1704588	0,3588596	1,8399585	
WANG.F	0,1404040	0,1064048	0,1973520	0,5577393	0,8409466	0,6651024	-7,0884085	11,3361834	
5ABG.F	0,0998938	0,0000000	0,0999488	0,9885792	1,0008816	0,1193064	0,4048339	-0,2041314	
YMSG.F	0,0843987	0,0650504	1,9642445	0,2344574		0,0000000	-0,0000000	-0,0000000	
JUNG_p.DE	0,0179129	0,0120364	0,0399051	1,4689433	1,7834963	0,0946896	0,3089946	1,1797475	0,9256787
STOG_p.DE	0,0192362	0,0241204	0,0357504	2,3391357	2,8277133	0,0069704	0,0110765	0,0394952	-0,3888233
KGX.DE	0,0176665	0,0102401	0,0282111	0,9413226	1,2609876	0,3060619	1,0706681	2,2315182	1,3375480
RIB.DE	0,0235112	0,0301272	0,0412546	7,6230246	7,6608221	0,0153266	0,0177485	0,2417635	-2,7053418
ANOG.DE	0,0302869	0,0256641	0,0635710	0,7629576	0,9629188	0,4802830	-4,5497437	-14,1581996	-13,8234099
FMEG.DE	0,0163901	0,0121399	0,0235226	1,4910496	1,7885677	0,3416699	0,8954840	2,8899673	3,2438997
FNGG.F	0,0609229	0,0384817	0,1437883			0,0000000			
RHKG.DE	0,0110390	0,0058691	0,0309483	1,5149961	1,5621631	0,0992543	0,1491134	1,0518160	-2,1446130
WSUG.DE	0,0256190	0,0169411	0,0350736	1,1931506	1,6465531	0,0507822	0,1202237	0,2082319	0,0926242
HBMG.DE	0,0127908	0,0102924	0,0288077	1,8233936	2,9553674	0,2582561	0,5272895	3,1455603	0,2766928
AM3D.DE	0,0390521	0,0839308	0,0459343	4,0479571	4,9689639	0,0514393	0,0675023	1,1453299	-9,8358183
AIXGn.DE	0,0335281	0,0042591	0,0549339	3,8411709	4,7063862	0,0000000	0,0000000	-0,0000000	7,5400673
SAHGk.F	0,0178057	0,0227683	0,0296614	3,2683963		0,0000000	0,0000000		
SLTG.DE	0,0194839	0,0332536	0,0353570	2,1851444	2,9481482	0,3511148	1,6672521	3,2451417	2,9017358
PRAG.DE	0,1245889	0,0680697	0,1081247	1,3412226	2,3298516	0,3835456	4,2480774	-11,1029296	-8,7124480
V33G.F	0,0755360	0,0737829	0,0711520	16,0772400	16,2947261	0,0000000	0,0000000	0,0000000	-33,8373663
DAMG.DE	0,0125849	0,0116285	0,0402386	2,9153005	4,3386824	0,0774388	0,1161903	0,4312735	0,4004682
GKSG.DE	0,0217721	0,0154145	0,0409023	1,4531335	1,5278485	0,2172746	0,5082593	6,1491878	
SHFG.DE	0,0276012	0,0245866	0,0482650	2,1890333		0,3303597	0,9326874	2,8626108	-0,1393774
SW1.DE	0,0290056	0,0236399	0,0376992	1,3269961	1,9085182	0,0756260	0,1499398	0,4106545	0,2898073
EVTG.DE	0,0211173	0,0107119	0,0475627	2,9599291	3,0154787	0,0817085	0,1270930	0,7648834	-1,7223122
WUWGn.DE	0,0159152	0,0120263	0,0299454			0,0779909	1,5935439		
IVUG.DE	0,0232354	0,0144918	0,0550624	2,4763347	2,6508357	0,0039276	0,0062435	0,0409357	
IVXG.DE	0,0200460	0,0208705	0,0531408	1,6926387		0,2281871	0,3880236	1,0149653	-0,2966822
ULCG.DE	0,0333257	0,0259313	0,0628964	0,6185015	0,8829785	0,3233817	2,9311515	3,9680296	
MBBG.DE	0,0227648	0,0217170	0,0439474	1,6671236	1,9800957	0,2061562	0,5593072	1,8538645	0,4484667
ELGG.DE	0,0228323	0,0152185	0,0473397	3,4275916	4,6645390	0,1199924	0,1685070	0,7159884	-0,4443575
8S9.F	0,1504790	0,3230221	0,1589268	3,0791048	3,4674973	0,0571870	0,0792025	0,1824709	
AAQG.DE	0,0338191	0,0179064	0,0571794	3,1819639	4,0415739	0,1008263	0,1374451	-0,9093894	-0,3775443
AT8.BE	0,0383084	0,0273308	0,6163484	2,1851572	2,1851572	0,0003502	0,0004052	-0,0007760	
DIEG.F	0,0199104	0,0195703	0,0452498	1,2100425	1,7838606	0,3437827	1,3629213	8,4505530	
BNNn.DE	0,0255644	0,0369669	0,0420498	1,9503036		0,0000000	0,0000000	-0,0000000	
MSHGn.F	0,0254439	0,0175600	0,0397019	1,7650730	2,7752422	0,3712905	0,9528241	3,3531748	
MYRKk.F	0,0545491	0,0435701	0,0966603	1,3584848		0,1693313	-0,2463670	0,7289167	
IFS1.F	0,0139586	0,0112956	0,0424922	1,4307878	1,4418151	0,0073149	0,0308852	0,0804326	
SIXG_p.DE	0,0171636	0,0124650	0,0384676	1,4871894	1,5428231	0,4997371	1,9150368	3,1883945	
CBKG.DE	0,0302602	0,0198975	0,0528655			0,0890151	1,6195225		
FROG_p.F	0,3768957	0,0195325	0,4842475						
SAXG.DE	0,0258255	0,0152536	0,0413793	0,6767846	0,6843963	0,2388801	0,5288943	1,7557037	1,2857647
OBSG.DE	0,0160378	0,0162447	0,0459512	2,2846121	2,2846121	0,0250556	0,0408272	0,3548929	
BTBA.DE	0,0384114	0,0326561	0,0512305	2,5697039	2,7544796	0,0955724	0,1473863	-1,4248264	-2,5228924
EBKG.DE	0,0180157	0,0196941	0,0273796	1,3550070	1,4495958	0,1983374	2,3391130	3,9106082	4,3197437
STEM.DE	0,1435130	0,0590897	0,2171178						
TURG.F	0,0285840	0,0197258	0,0450114	1,7761433	2,8102814	0,2226397	0,5845612	1,6719986	
TEGG.DE	0,0156465	0,0096032	0,0365994	0,5602788	0,6049396	0,6192564	2,1652719	14,6478102	14,3137357
BSYG.F	0,1481100	0,2419055	0,1600099						
SISG.DE	0,0210675	0,0178671	0,0400766	2,5407553	3,5484051	0,3552536	0,7715381	4,8239561	2,4416136
SWVKk.DE	0,0573027	0,0382879	0,0771567	2,3407481	3,1436675	0,4671869	1,9430047	11,8985898	8,3467706
SIEGn.DE	0,0168676	0,0135130	0,0323037	1,2892394	1,7123916	0,2707828	0,9950601	3,4365031	2,0306576
S92G.DE	0,0319579	0,0222973	0,0634536	2,2308145	2,7034367	0,0604767	0,1230740	0,6476712	-1,2508421
VOWG_p.DE	0,0263888	0,0137094	0,0423440	0,9791096	1,2151405	0,3818398	1,6561208	3,1457722	0,0940666
BKTG_p.F	0,1923683	0,0592725	0,3195286						
SY1G.DE	0,0142180	0,0089942	0,0328360	2,7471571	3,8070264	0,3378159	0,9011899	2,4845699	2,0963781
BMWG.DE	0,0208017	0,0115104	0,0348236	0,9426751	1,1114635	0,5060752	2,0487421	4,9297313	0,0335535
7PR.F	0,0000000	0,0000000	0,0719707						
MANG.DE	0,0050946	0,0033340	0,0356178	0,9253751	1,3350750	0,2864163	0,9472243	3,7833698	1,8502310
AOFG.DE	0,0274854	0,0162761	0,0412226	2,9122484	2,9130780	0,0000000	0,0000000	0,0000000	1,9658639
PV.DE	0,0214338	0,0090812	0,0342720	2,9819015	3,8461735	0,0456753	0,0679127	0,2755497	-0,6823618
HOTG.DE	0,0193979	0,0103297	0,0414611	1,3309527	1,4427570	0,2007936	1,2428410	2,5933913	-0,2957983
HACGn.DE	0,0252067	0,0231067	0,0530768	1,2209043		0,0000000	0,0000000	0,0000000	
PGNG.DE	0,0345042	0,0152474	0,0604068	1,2117122	1,6253273	0,5172123	2,4671683	3,8306658	2,6404449
RKBG.F	0,0194904	0,0158501	0,0630731	1,0839782	1,5219261	0,1405007	0,2470649	4,2212389	
ARTG.DE	0,0240285	0,0206530	0,0536027	3,7271554		0,0000000	0,0000000	0,0000000	-2,1333083
DWNG.DE	0,0140956	0,0144866	0,0467122	2,4503053	2,6417486	0,3827846	0,7881911	5,0009803	4,3472366
ITMG.DE	0,0536675	0,0277088	0,1277550	0,6630497	0,6813250	0,0000000	-0,0000000		
VBKG.DE	0,0335543	0,0398084	0,0703712	2,6226378	3,0937713	0,0367880	0,0468587	0,1763684	
WTBG_p.F	0,0519767	0,0000000	0,3395791	1,3838204	1,5702377	0,1376264	1,3226937	3,3372279	
CE2G.DE	0,0288746	0,0195928	0,0448960	1,0863016	1,5552192	0,0103284	0,0166360	0,0473557	0,7151035
STAGn.DE	0,0183560	0,0116206	0,0369658	1,2725295	1,7810116	0,4802320	1,6687652	3,9279215	4,9342377
EVKn.DE	0,0190460	0,0090869	0,0253273	2,1732770	2,7464239	0,0914437	0,2075270	0,7179132	0,4097333
WDL.DE	0,0337196	0,0135905	0,0523157	3,6474268	4,4358072	0,0528725	0,0733909	-0,3124097	1,1777771
HRPKk.F	0,0234666	0,0276271	0,0716086	1,5223258	1,5332460	0,6855779	2,9185869	8,3789124	6,4578525
VDNG.F	0,1974699	0,0914495	0,2395620						
FPEG.DE	0,0157033	0,0106818	0,0346591	2,2893157	3,1812725	0,0118768	0,0165544	0,0474785	
RSL2.DE	0,0155934	0,0121784	0,0374609	2,1543025	3,0058438	0,1293178	0,3579002	1,9724259	4,0964274
EING_p.DE	0,0153398	0,0072261	0,0361575	2,4638379	3,8310011	0,1081235	0,2080830	1,7179460	1,4263828
GIBG.F	0,0380533	0,0241880	0,0396027	2,5828347		0,3476695	0,6624968	10,4937658	
FROG.F	0,1239959	0,0153620	0,3579035						
PUZG.F	0,1230248	0,0000000	0,2681628	1,2121584	1,6331901	0,5705369	5,7883019	-7,6408094	
CAGGk.DE	0,0124565	0,0075892	0,0801482	3,0115959	3,0115959	0,0000000	0,0000000	-0,0000000	629,5202952
FNTGn.DE	0,0153326	0,0079492	0,0400863	0,7876857	0,8652223	0,2345482	0,4822680	1,7267619	1,0445752
SIMG.F	0,0367287	0,0311964	0,0374370	4,4451446	6,2461087	0,0387457	0,0676681	0,3074968	
US5.F	0,1959416	0,1132990	0,2297710	6,4791163	6,5350269	0,0152487	0,0176930	0,0579974	
BASFn.DE	0,0158787	0,0119154	0,0311751	1,7256252	2,4065046	0,2241092	0,5134882	1,4152625	1,1526529
BSLG.DE	0,0179014	0,0128074	0,0466313	3,4994363	4,6025418	0,2852838	0,4841823	1,5931672	0,7794289
BMWG_p.DE	0,0200310	0,0102227	0,0340093	0,9426751	1,1114635	0,5060752	2,0487421	4,9297313	
CU1G.DE	0,0202084	0,0137323	0,0351903	2,5951737		0,5580692	1,4760034	7,4399046	7,0479713
SKBG.DE	0,0291344	0,0142414	0,0416340	1,4931246	2,0712926	0,0835295	0,3165244	1,7361702	0,4059043
RSBG.F	0,1998849	0,0000000	1,0713192	3,2636735	4,9722449	0,0062555	0,0076397	-0,0059310	
1COV.DE	0,0215364	0,0215332	0,0343356	0,9283523	1,3190184	0,2708195	0,7931034	1,7993691	1,9036772
UPRG.F	0,3470447	0,0886657	0,3568907	1,0981518	1,1589337	0,5880747	12,8564183	8,5854612	
SFPGk.F	0,0464781	0,0069847	0,1636311	1,4740000		0,0000000			
FEVG.DE	0,0099900	0,0115763	0,0335084	3,6323631	5,7155596	0,1632306	0,2618170	0,9883511	
IGY.DE				1,2482292	1,2721983	0,3273132	1,1397081	4,7473105	
TXAG.F	0,2334883	0,5048796	0,3029639	0,8513868	1,1190030	0,1341758	0,3608196	-0,2857143	
DFTKn.DE	0,1319069	0,0276119	0,1058204	0,9209041		1,6551931	-2,0928986	-2,6872216	
DREGa.F	0,0608626	0,0485298	0,1301852	0,4839915		0,7510107	3,8399250	7,6104234	
333.DE	0,0733980	0,0948440	0,1207289						
LSXG.F	0,0266419	0,0112410	0,0514312	2,6262985	2,6354565	0,2098015	0,4149105	1,8303004	
HETAn.F	0,0145086	0,0145619	0,0428450						
IFXGn.DE	0,0202434	0,0155133	0,0517628	2,9359477	3,7143791	0,1946737	0,3521800	1,0994406	-0,3024435
RWEG.DE	0,0306074	0,0211280	0,0342078	1,1096915	1,1876617	0,2176368	2,9529673	3,1593779	1,3743889
NSNG.F	0,2535498	0,0850748	0,1878421	0,4711134	0,6678589	1,0256839	-2,9149010	34,2878942	
NC5Ak.DE	0,0643986	0,0269734	0,0773548	1,7686773		0,0000000	0,0000000	0,0000000	
UZUG.DE	0,0207138	0,0195926	0,0304753	1,9039249	2,6710511	0,2596326	0,4702340	2,0498884	1,6141403
EKTG.F	0,0198642	0,0204418	0,0515878	2,1907619	2,6223494	0,6993746	5,5317677	4,2371201	4,2008258
IS7G.DE	0,0191205	0,0201629	0,0534094	1,0637549	1,5990478	0,4564867	1,1192460	3,6527089	
LEIG.DE	0,0169377	0,0165245	0,0385259	2,8732723	3,6104023	0,0000000	0,0000000	0,0000000	-2,3459863
V6CG.DE	0,0180147	0,0106655	0,0416033	4,2430018	6,0256001	0,0000000	0,0000000	0,0000000	-0,9205384
DKAG.F	0,0319948	0,0419973	0,0641275	3,8459668	4,9263367	0,0468957	0,0904655	0,1989185	
I7NG.DE	0,2575570	0,1121456	0,1373884	0,2878368	0,4723439	2,3964497	-1,4819578	-5,2214379	
FPEG_p.DE	0,0157497	0,0094085	0,0366071	2,2893157	3,1812725	0,0118768	0,0165544	0,0474785	-0,0793821
NEKG.DE	0,0216845	0,0131635	0,0409735	1,2093503	1,2144393	0,2501489	0,5759743	1,3227676	-0,2432051
BEIG.DE	0,0132807	0,0105748	0,0234165	2,1744548	2,5752856	0,0139677	0,0229226	0,0882353	-1,9456016
CWCG.DE	0,0179301	0,0203845	0,0336661	1,2297668	1,5894933	0,0187686	0,0355778	0,0814737	-0,1405912
FPHG.DE	0,0156086	0,0146047	0,0556352	0,9218036	1,0837512	0,2326217	1,0775962	1,3472650	0,4598554
MLLG.DE	0,0203015	0,0249861	0,0497148	1,7914500	1,7946835	0,3336174	0,8655338	3,1224266	
BUFG.F	0,1447956	0,1335120	0,4084058	0,0155235		0,6592886		-1,6784983	
CSGG.F	0,2537804	0,0932846	0,1709570	6,8674855	6,9697740	0,2444867	0,3541697	1,2140819	
V3VGn.DE	0,0272937	0,0231798	0,0546511	1,4445323	1,5281788	0,0851720	0,1575146	4,7563776	-1,2755102
JY8G.F	0,0861138	0,0000000	0,1079583	5,2689236	6,6055913	0,3326643	0,5313823	3,2838591	0,2218872
E7SG.DE	0,0302221	0,0276504	0,0571539	2,2038473	4,0295036	0,6140231	2,2335383	2,0798728	
HHFGn.DE	0,0186970	0,0134784	0,0364178	2,3318803	2,4503423	0,3169341	1,0089060	1,9784307	0,6313057
GSC1n.DE	0,0098646	0,0081567	0,0312455	2,1324248	3,2993216	0,2857390	0,6508241	2,2647047	
FAM1.F	0,0850946	0,0716615	0,1754715	11,6448496		0,0000000	0,0000000		
MUVGn.DE	0,0157367	0,0114341	0,0268746			0,0175923	0,1542324		
ODEG.F	0,0946001	0,0224037	0,1049068	1,0797406	1,2929641	0,3252389	0,7773149	1,8298309	
MXHNn.DE	0,0151539	0,0103838	0,0420062	1,5824548	1,9181754	0,2559051	0,6821190	2,3907693	1,8194115
VOSG.DE	0,0151525	0,0104678	0,0356249	1,4925184	2,0862288	0,2008058	0,6779208	2,9786553	2,5237593
DBANn.DE	0,0183228	0,0127958	0,0345299	3,2130150		0,0053032	0,0057241	0,0651986	
KSBG_p.DE	0,0185368	0,0137324	0,0361812	2,1507209	2,7717920	0,0935435	0,2974116	1,2083571	-0,7738542
PGAG.F	0,1171064	0,0574566	0,1398989	14,2863088		0,0000000	0,0000000	-0,0000000	
BYWG.DE	0,0202012	0,0111661	0,0454341	1,3504252	2,1280752	0,4501927	3,3564772	8,7797833	
TTOG.F	0,0765316	0,0728333	0,1084968	1,3841562		0,4496445	3,4091913		
AEIG.DE	0,0168177	0,0125932	0,0437711	1,9018402	1,9645708	0,3529984	1,0486512	4,7674917	1,1530700
SWOG.F	0,0162869	0,0127797	0,0551145	0,8596315		0,3934996	0,7388031	23,2321631	
VQTG.DE				0,6295781	0,8939710	0,4488328	1,8820800	5,3062329	
GLJn.DE	0,0181902	0,0100274	0,0325876	1,1905577		0,2477305	1,4572779	5,3997829	
TLGG.DE	0,0138931	0,0118969	0,0265245	3,0162175	3,0311751	0,3914495	0,8110210	8,0203304	6,7537385
BDTG.DE	0,0191990	0,0114876	0,0399262	1,6608290	1,6635480	0,0704110	0,1240285	0,3421130	-0,1575603
HBH.DE	0,0157784	0,0090391	0,0316475	1,7838724	2,8082164	0,2943752	0,7143615	3,1841182	1,0923763
BIJG.DE	0,0139394	0,0096294	0,0307505	7,0471566	8,9766383	0,0000000	0,0000000	0,0000000	
OLGG.F	0,0184628	0,0083706	0,0301917	1,7360818	2,8217229	0,3804427	2,9143958	18,9895626	
NSUG.DE	0,0124196	0,0088795	0,0233333	1,4289691	1,7220470	0,0598629	0,1599209	0,3715692	
EUCAn.DE	0,0276007	0,0132772	0,0382103	0,9025545	1,1179696	0,3389785	0,9501004	13,2561363	13,4204447
LUMG.F	0,1922192	0,1440306	0,1996498	1,2325058		0,0000495	0,0003192	0,0003258	
AGXG.F	0,1196328	0,1405292	0,2128505	6,1266166		0,0013468	0,0014927	-0,0050473	0,3952435
IPOG.F	0,0736280	0,0111664	0,0746690	1,0269115		0,3382417	0,6127332	3,2790405	
LEOGn.DE	0,0316246	0,0159814	0,0493865	1,3881431	1,8800342	0,2129862	0,6076112	2,0935762	1,5967935
MTVG.DE	0,0397316	0,0410751	0,0930288	1,4020283		0,7692093	15,9382347	87,3942392	
RAAG.DE	0,0162101	0,0114043	0,0349339	4,1944433	4,5227658	0,0589081	0,0798496	0,1675486	-1,3242947
MRCG.DE	0,0152215	0,0114497	0,0274158	0,7833529	1,0625599	0,3793781	1,1275934	3,9745032	3,5837432
ERMGk.DE	0,0302995	0,0167721	0,0480071	0,8186625	0,8201821	0,1379216	0,8398617	-0,5288134	-0,1428766
PNEGn.DE	0,0213180	0,0113948	0,0550024	2,7815056	4,2095029	0,5304079	1,5321422	13,1520999	10,6802092
HWAG.DE	0,0228496	0,0152750	0,0516791	1,5831771	1,5966075	0,6983232	3,6273164	9,0782154	7,9476686
WCMKk.F	0,0216682	0,0141783	0,0775571	0,3425633		0,4794327	1,0106061	43,8246225	45,6694326
MBHG_p.F	0,0134286	0,0081959	0,0353058	3,0531668	3,7753883	0,0000000	0,0000000	0,0000000	
HEZG.F	0,0252925	0,0274762	0,0568226	2,3438349	2,8347106	0,1253572	0,1778407	4,0060863	
HYQGn.DE	0,0356114	0,0207655	0,0447114	1,6220346		0,1172197	0,2149606	0,4250292	
LHAG.DE	0,0218275	0,0160717	0,0337860	0,7185012	0,7796896	0,2584560	1,4545770	2,5332126	1,0101887
MSGL.DE	0,0250977	0,0159862	0,0445718	2,3209971		0,1556480	0,2740600	1,6896692	0,2400538
CEAG.DE	0,0215349	0,0196741	0,0518341	1,4380332	2,2566536	0,2048750	0,7813287	1,6555212	
ECXn.F	0,0756484	0,0104422	0,0840008	2,0397501	2,2436116	0,0849341	0,1507467	-0,1242741	0,7449477
ADNGk.DE	0,0233042	0,0142987	0,0684375	1,4162045		0,1809648	0,5260790	1,5246442	
IURG.F	0,0237022	0,0179484	0,0432644	1,4509989	2,0801828	0,2943965	0,6517707	2,7744957	
CDBG.DE	0,0147727	0,0146742	0,0306427			0,0000000	0,0000000		
DAIGn.DE	0,0193591	0,0127216	0,0373451	1,1915647	1,4998119	0,4657359	1,8883516	5,4971466	-0,4597355
WACGn.DE	0,0261872	0,0143153	0,0448836	2,5324122	4,2457551	0,1443769	0,2105968	1,3338770	1,2871641
DUEG.DE	0,0247828	0,0138811	0,0405234	1,0695899	1,2988082	0,1994250	0,8544391	1,9942377	-0,1526513
SCMG.F	0,0398804	0,0414090	0,0902260	2,1473539	3,3054306	0,0356559	0,1935440	0,2373413	
BYWGnx.DE	0,0165547	0,0132898	0,0316347	1,3504252	2,1280752	0,4501927	3,3564772	8,7797833	6,6958748
TLIG.DE	0,1333642	0,1492255	0,1115119	0,2346677	0,2676001	6,7621998	-0,6617647	-3,6511920	
STRG.F	0,0167659	0,0091664	0,0512927	11,1578171		0,0000000	0,0000000		
PSAGn.DE	0,0140355	0,0097393	0,0412354	1,5611238	1,6152205	0,0173264	0,0472578	0,2245534	0,1591166
SPRGn.DE	0,0148184	0,0090283	0,0304809	0,8566784	0,8697490	0,1926146	0,6074078	2,3065169	1,9042867
SDFGn.DE	0,0257425	0,0199412	0,0452357	2,0347429	2,7841054	0,2037324	0,3925112	1,4561161	1,4399044
TISG.F	0,1411255	0,1825623	0,2012766	0,9473582	1,2538432	0,2346231	13,4589595	-10,3946429	
LIO1k.DE	0,0325503	0,0213269	0,0734717	3,1868776	3,2454599	0,1508587	0,2033036	-0,6311866	-1,2000596
BC8G.DE	0,0145940	0,0097134	0,0374644	1,9631165	2,3294552	0,0573869	0,1063722	0,4236423	-0,3235177
SGCG.DE	0,0373080	0,0173012	0,0477665	2,6101302	3,9522431	0,4012715	2,5744901	6,2588235	4,7174070
HLE.DE	0,0225128	0,0152095	0,0373287	1,8796054	2,3129986	0,2641597	0,6688803	1,6904307	0,4312597
WWGG.F	0,0257981	0,0091770	0,0303963	1,2771180	1,3523357	0,0636462	0,1369072	1,3088042	
BST1.DE	0,0192194	0,0227183	0,0255873	0,7868269	1,1416386	0,2929083	0,7032304	1,9102100	1,1318553
SZUG.DE	0,0206207	0,0139808	0,0340620	1,9458831	2,9715630	0,1596749	0,3407320	2,4941425	1,8775343
BIOG_p.DE	0,0244535	0,0101136	0,0391649	4,6645469	6,4030207	0,3579516	0,8360019	14,9826087	7,4844783
NDXG.DE	0,0261910	0,0161943	0,0597960	1,2978249	1,5469276	0,1417746	0,4543687	1,1255322	-0,8478381
MSAG.DE	0,0224024	0,0141513	0,0561880	0,9399160	1,4601599	0,3975470	1,2596789	2,7961544	3,1733346
GFTG.DE	0,0276469	0,0134835	0,0463396	1,6921627		0,2553084	0,6704590	1,8237535	0,3278629
VT9G.DE	0,0206194	0,0062080	0,0363259	0,9308072	0,9969797	0,5848512	2,3818498	5,5122178	5,4844943
MANG_p.DE	0,0053581	0,0033502	0,0336684	0,9253751	1,3350750	0,2864163	0,9472243	3,7833698	
FAOGn.DE	0,0178739	0,0063188	0,0521741	5,9650104		0,0000000	0,0000000	0,0000000	
H2Fn.DE	0,0699982	0,1326902	0,0562613	1,4636604	1,6766606	0,2911307	0,7835019	-0,8614117	
ACWNn.DE	0,0203895	0,0120424	0,0360538	3,8759519	5,5458275	0,1152143	0,1735921	0,9339433	0,0750540
EONGn.DE	0,0263709	0,0184267	0,0337759	1,1984511	1,2745784	0,1560518	1,0799197	2,8112819	0,8189259
JJO.F	0,0000000	0,0000000	0,1793700	5,0245145	5,4234947	0,0380661	0,0461375	0,1118550	
ADLG.DE	0,0201436	0,0152087	0,0566880	0,9793199	1,5053125	0,6963416	2,9778191	29,2303641	28,9963112
TKAG.DE	0,0286770	0,0161547	0,0413206	1,1309939	1,5193215	0,2446966	4,0827783	3,1539875	1,7829869
E4CG.DE	0,0200577	0,0170677	0,0565021	1,2064365	1,2064365	0,1021971	0,2620610	0,7523118	0,0146525
CURG.DE	0,0309070	0,0270704	0,0551935	3,7116645	5,4292267	0,0007951	0,0011312	0,0048100	0,8177008
YSNG.DE	0,0182832	0,0132144	0,0450814	2,1400053	2,5093020	0,0000000	0,0000000	0,0000000	
GFKG.DE	0,0236181	0,0103575	0,0343933	0,9112207		0,2840893	0,7428227	1,7843547	1,2888752
MTXGn.DE	0,0162071	0,0073840	0,0370237	0,9495470	1,3648780	0,2469017	0,9847786	2,0941638	1,6522464
GMMG.DE	0,0250813	0,0239443	0,0448006	1,7377470	2,1477641	0,2949981	1,1583427	3,6829824	2,5715602
SMHNn.DE	0,0292690	0,0180953	0,0560557	2,9499537	4,4649896	0,0885072	0,1320869	1,6772538	-2,1321249
ISHG.DE	0,0296917	0,0201361	0,0553743	2,5001750		0,1804477	0,3117761	1,8115104	-1,5225335
UN01.DE	0,0222291	0,0222291	0,0365635	0,9954410	1,0461161	0,2022417	0,8883895	12,9506048	
WUGG_p.DE	0,0123080	0,0130388	0,0322789	2,9525883	4,2389565	0,0008185	0,0012109	0,0067469	
OSPGk.DE	0,0224183	0,0139444	0,0395423	1,5112400	1,6288335	0,0037562	0,0055107	0,0348088	-1,8666874
BTTG.F	0,1959071	0,0898804	0,9623025						
BTCGk.F	0,0246854	0,0137704	0,1691447	1,4783439	2,2791416	0,6380043	2,2084070	-30,4420078	
FREG.DE	0,0165953	0,0184532	0,0276006	1,3611220	1,7342466	0,3416140	1,3242177	2,8873900	2,6538489
ARLG.DE	0,0230354	0,0109816	0,0539360			0,3788789	7,0242684		
TPEG.DE	0,0262626	0,0095108	0,0496698	1,5107178	2,1344566	0,1117933	0,2595398	4,0430152	3,1544449
ZO1G.DE	0,0194246	0,0116364	0,0419434	2,1906540	3,2507085	0,0000000	0,0000000	0,0000000	-1,3687307
S4AG.DE	0,0232841	0,0096424	0,0346314	2,8937865	3,7553676	0,0839630	0,1338716	1,8540645	-3,8486307
LING.DE	0,0189190	0,0221242	0,0279142	0,9632568	1,1359777	0,2704897	0,6558513	2,3376528	1,9867954
ADDG.DE	0,0222876	0,0137157	0,0379531	1,9434950	3,0423078	0,2911336	0,6757744	1,8695320	-0,0079151
ZALG.DE	0,0277711	0,0124725	0,0451564	2,2898747	2,8962890	0,0432318	0,0719679	0,7384988	-6,3474697
AAHG.F	0,0239402	0,0215814	0,0359832	2,7922417	4,5235762	0,1649098	0,2895850	3,0781234	3,0898006
COPMa.DE	0,0193355	0,0099018	0,0443153	0,8496215	0,8831907	0,4777005	1,9667327	3,3826621	2,9268358
HDDG.DE	0,0249888	0,0155530	0,0527851	1,8305291	2,6626460	0,2253803	1,7319955	1,8369125	1,7956053
HABG.DE	0,0119484	0,0106043	0,0287214	1,1804968		0,4377266	0,8479612	14,5442450	14,7705174
TC1n.DE	0,0173818	0,0142051	0,0337206	0,8202282	0,8711738	0,6177181	2,5143704	8,3149851	7,3918454
COKG.DE	0,0200569	0,0166707	0,0444685	1,7381464	1,9132669	0,1315729	0,2889136	0,8837574	-0,6291148
WIGGk.DE	0,0308942	0,0312149	0,0629771	0,9318799	0,9896651	0,2775652	1,5710729	4,0637476	2,4146813
IFAG.F	0,0267949	0,0256062	0,0437475	2,0054425	2,0403950	0,3121742	0,6269197	3,4545698	
G1AG.DE	0,0179406	0,0094757	0,0392023	1,6201152	1,8938257	0,0756284	0,1627987	0,7341957	-0,4342390
LEGn.DE	0,0144549	0,0117938	0,0223445	0,3751897	0,3816388	0,4505288	1,0922569	11,9572114	10,6179617
GBFG.DE	0,0241305	0,0163742	0,0410007	1,0323461	1,0876851	0,1053241	0,3747426	2,0580475	2,1017377
P1ZGn.DE	0,0229131	0,0163297	0,0529606	1,3949483	2,4670007	0,5446814	1,7040381	66,2118594	14,8614422
KWGG.DE	0,0419915	0,0284662	0,0374798	2,0357479	2,0514035	0,0637272	0,1237575	-0,7707961	
INHG.DE	0,0163708	0,0094497	0,0313232	1,8034093	2,6614070	0,3441038	0,8241706	2,6613590	2,0742717
LPKG.DE	0,0258822	0,0200470	0,0475877	1,8159844	2,9179514	0,3459603	0,6473441	18,6004525	14,2017466
BHSG.F	0,0277356	0,0272048	0,0428304	3,2069871	4,8053586	0,0153933	0,0470476	0,1367163	
MEDG.DE	0,0173768	0,0127525	0,0337520	1,9840723	2,0931087	0,1646484	0,3200185	1,2906174	1,9154818
ZEFG.DE	0,0332538	0,0302105	0,0672674	1,4531547	1,4710126	0,4428093	1,2098628	-11,2560954	-0,4352198
M3VGn.DE	0,0151909	0,0246140	0,0590371	2,4608003		0,1041296	0,1406208	0,7401685	-2,2784020
EV4G.DE	0,0187892	0,0235831	0,0389016	0,7851413	0,7977353	0,3849083	10,0221247	1,9154920	0,8930161
VSCk.DE	0,0407385	0,0339632	0,0578796	4,0076882	4,0112641	0,0000000	0,0000000	-0,0000000	1,7978069
MPRKk.F	0,0646682	0,0833216	0,2302369	34377,0000000	34377,0000000	0,0000291	0,0000363	0,0003604	
NOEJ.DE	0,0182943	0,0067562	0,0333927	2,3016449	3,1004274	0,3915149	1,0660484	2,5837845	1,8558324
RY8.DE	0,0906078	0,0669251	0,1611595	25,1825740	25,2088460	0,0024528	0,0025066	0,0969758	
RHMG.DE	0,0224392	0,0122159	0,0402705	1,5070905	2,0088020	0,1434555	0,5509383	1,7232704	1,6334233
WTBG.F	0,2166535	0,1363967	0,2015110	1,3838204	1,5702377	0,1376264	1,3226937	3,3372279	
M5ZG.DE	0,0450725	0,0298296	0,0655412	1,0621918	1,3018025	0,2835031	0,6856311	-2,0220895	-0,9870372
TLXGn.DE	0,0155664	0,0087711	0,0222174			0,0221524	0,4085970		
KPHG.F	0,3787909	0,5053893	0,2681468	0,9949946	1,2429384	0,0476023	0,1087034	-0,1618876	
KA8Gn.DE	0,0271029	0,0182936	0,0404959	0,6680565	0,7387074	0,2128382	0,4209864	-2,6604775	-2,0636605
MPSG.F	0,1988550	0,0051227	0,4433004	2,2933317	2,9564770	0,6014514	2,4058084	7,9662830	9,4255329
STBGn.F	0,0245849	0,0148691	0,0398154	1,1647334	1,2568580	0,0926788	0,1862844	0,9636016	
ADSGn.DE	0,0151900	0,0117741	0,0302894	1,3976510	1,9780015	0,1445702	0,3404518	1,3321823	0,4092788
WL6G.DE	0,0355297	0,0197272	0,0700931	0,7906037	0,8972968	0,0000000	0,0000000	-0,0000000	-0,1119119
ECKG.DE	0,0169825	0,0164930	0,0310200	1,7037273	3,0088078	0,2842709	0,4723730	3,0008801	3,4525524
ALVG.DE	0,0184370	0,0123107	0,0355341			0,0378506	0,5088845		
SBSG.DE	0,0214007	0,0151252	0,0413787	5,7934858	6,6516312	0,0512398	0,0625115	0,2524723	-1,6724240
ML2K.F	0,1050833	0,0773591	0,1405439	5,2916388	5,4440308	0,0000000	0,0000000	0,0000000	
ARXG.F	0,2733960	0,0269447	0,2820990	0,4729789	0,5493326	0,1581534	10,8234056	-18,8635363	
SURG.DE	0,0180775	0,0087475	0,0360809	2,7148229	3,9385603	0,3307276	0,6490187	3,4974600	2,3040410
JENG.DE	0,0188303	0,0137273	0,0392088	2,3482716	3,3641420	0,1665347	0,2936478	1,3738725	0,9604966
HNKG_p.DE	0,0130499	0,0116933	0,0257902	1,0896345	1,3607435	0,0403172	0,0658810	0,2676978	-0,0700146
FRAG.DE	0,0153584	0,0096345	0,0309030	0,8334842	0,8722172	0,4314763	1,1105810	4,4695001	3,5979466
EXJ.F	1,0032315	0,1670263	0,4893959	103,5490196		0,0000000	0,0000000	-0,0000000	
UP7G.F	0,0442222	0,0310249	0,0689927	1,7456127	1,9414267	0,0696836	0,0840018	0,7479977	-1,1069870
EVDG.DE	0,0168322	0,0131022	0,0359285	1,1083716	1,1119011	0,3601412	1,1869742	2,2199574	-0,9040771
DEXGn.DE	0,0285632	0,0272878	0,0418008	1,1173634	1,7574284	0,0946529	0,3033557	0,8272961	-0,4698683
PSHG_p.DE	0,0252632	0,0132220	0,0456858	13,0000000		0,0108593	0,0110652		
SING.F	0,0197392	0,0187029	0,0359902			0,0000000	0,0000000	0,0000000	
DRWG.DE	0,0199283	0,0130907	0,0316747	1,7092551	2,1997186	0,1387338	0,3395784	2,0327026	1,7930514
VMR1k.F	0,0257655	0,0098693	0,0706776			0,3499867	0,8685484	-16,2860301	
BIOG.DE	0,0242396	0,0126399	0,0391282	4,6645469	6,4030207	0,3579516	0,8360019	14,9826087	
USEG.DE	0,0579179	0,0402440	0,0608236	1,3034536	1,9306506	0,3820133	3,3523168	-5,2743760	
YB1.F	0,2294168	0,4145694	0,3075641	0,3550105		0,0000000		0,0000000	
PITG.F	0,0370058	0,0290367	0,0904115						
UUUG.DE	0,0322145	0,0176495	0,0504986	1,9581270	2,5285726	0,3668246	0,7078832	6,9799356	
MGNG.DE	0,0578802	0,0672528	0,0541048	3,7730177	3,7770839	0,0003031	0,0004102	-0,0003918	-1,2196591
PWOG.DE	0,0190788	0,0141437	0,0300574	1,4702174	2,2708244	0,4189773	1,4091901	3,4676038	3,6990192
KWSG.DE	0,0153938	0,0117645	0,0345373	2,7949851	3,5159498	0,2008372	0,3769024	1,7729882	1,0746239
PS4G.DE	0,0341079	0,0173086	0,0771590	1,7009965	1,7927517	0,7507110	-4,8726014	-169,2869198	-168,7763713
AFXG.DE	0,0178940	0,0125296	0,0329393	2,9992025	3,7278181	0,0266965	0,0417504	0,1908248	-1,6579346
FRSG.DE	0,0270845	0,0557728	0,0520231	6,4000947	8,7674877	0,0000000	0,0000000	0,0000000	
F3CG.DE	0,0335399	0,0628184	0,0551145	1,6221581	2,2955819	0,1199442	0,2599806	-3,8838204	-1,8267095
SAPG.DE	0,0140454	0,0106243	0,0258189	1,2379560		0,2220343	0,3949800	1,4913989	0,9643539
MDNG.DE	0,0107276	0,0102631	0,0389995	1,8996658	2,5355151	0,1075463	0,2211559	2,4426429	
HAWG.DE	0,0121299	0,0124229	0,0289350	1,5049627	2,3721200	0,0604040	0,1559256	0,4849702	0,0525951
DMRE.DE	0,0156547	0,0091460	0,0700303	1,0006452	1,0328766	0,6343406	2,8402580	15,8186230	
EISG.F	0,0226814	0,0171194	0,0382973	386,3623188		0,0000000	0,0000000	-0,0000000	
HNRGn.DE	0,0163734	0,0107419	0,0332028			0,0284480	0,2228879		
SNGGk.DE	0,1085676	0,0313786	0,0755183						
DEQGn.DE	0,0118194	0,0081021	0,0252356	1,2117729		0,3654590	0,7962213	7,9706397	7,7995379
EUZG.DE	0,0133815	0,0100996	0,0360807	2,2584381	2,8960444	0,0789522	0,1557551	1,2006495	-0,0695894
AVES.DE				0,3627814		0,8913049	12,4373466	29,0028015	
ELNk.F	0,0612979	0,0375340	0,1209223	0,9413899		0,0000000	0,0000000		
IXXG.DE	0,0230755	0,0158613	0,0368336	1,8769831	2,2951007	0,1351029	0,2759888	1,2644175	0,0830003
ABAG.F	0,0137241	0,0066749	0,0303952	1,2268627	1,3829922	0,0493935	0,1944391	0,4481586	
BNRGn.DE	0,0171470	0,0110021	0,0256601	1,7820461	2,2979470	0,3226542	0,8505517	2,8013690	2,1159237
BOSSn.DE	0,0275766	0,0113667	0,0414730	1,7626801	2,7148818	0,0980090	0,1845445	0,2970484	0,1093558
NWXG.F	0,0139921	0,0163724	0,0358233	1,6771612	1,8827530	0,0888487	0,2849667	2,4467073	
RTCG.DE	0,0428467	0,0147270	0,0504288	1,0951444		0,2594228	0,5523029	-7,9238358	-2,2810479
MAKG.DE	0,0426799	0,0252417	0,0788719	0,4913042	0,5057249	0,6711699	-23,4844484	5,9892988	6,6377310
FVIG.DE	0,0173631	0,0129064	0,0404014	0,8730740		0,4362223	1,2288153	9,5394850	8,7575296
LO24n.DE	0,0193810	0,0157263	0,0431901	1,4171548		0,0874607	0,1405468	-0,2659004	0,1845671
HWSAk.F	0,0964893	0,1326870	0,0842014	0,9282883	1,3228571	0,0295843	-0,1601677	0,6901536	
ZILGn.DE	0,0254624	0,0144317	0,0435419	1,6306296	2,3899345	0,3033702	0,6519840	2,4047593	2,0937108
SYTG.DE	0,0252217	0,0160760	0,0388195	1,9365071	2,4466966	0,1117551	0,2175617	0,8502768	0,7564576
EMQG.DE	0,7191011	1,4475621	0,4959442	1,1102730	1,6039520	0,4089630	1,1164118	17,9505882	
BVB.DE	0,0161693	0,0117279	0,0388196	1,5452158	1,6741064	0,0509487	0,0698774	0,2495731	-0,4326857
SATG.DE	0,0401029	0,0114851	0,0497046	1,7618638	2,4622956	0,3211806	0,8916007	1,7064823	
WBAG.DE	0,0499987	0,0626523	0,1006406	0,4364137	0,4541359	0,4932536	-5,1054933	3,9046141	
B5AG.DE	0,0234299	0,0178397	0,0478068	1,5461049	2,2079581	0,4299539	1,6233496	7,9007408	7,1008192
AYDGn.DE	0,0360906	0,0323827	0,0652778	0,6770012		0,0981694	0,7337202	0,4124891	
SZGG.DE	0,0331221	0,0171783	0,0478287	2,1521054	2,9760997	0,1006211	0,2926993	1,5796604	0,7415576
CEVG.DE	0,0143114	0,0079332	0,0435496	2,0438190	2,6658664	0,2005361	0,4027361	1,7316985	0,9785647
TTRGn.DE	0,0222009	0,0167897	0,0432898	3,1175712	4,1948674	0,1134753	0,1698722	0,7472290	-0,8133530
UTDI.DE	0,0181811	0,0091876	0,0386761	0,5829729	0,6268425	0,4347875	1,4670307	1,6547116	1,2105091
BAYGn.DE	0,0171696	0,0118211	0,0299217	1,4028857	1,9064193	0,2593314	0,7899856	1,8263148	1,8049190
MZXG.DE	0,0130294	0,0065938	0,0411918	1,6249837	2,5070917	0,3691175	0,7717487	2,5793254	1,8981660
TTIGn.DE	0,0319304	0,0219300	0,0421826	1,1975124	1,8947255	0,3255058	1,2153132	3,4245597	2,7443311
HOZG.F	0,2726210	0,5402900	0,2669839	1,2911498	1,6998583	0,2974551	9,1328777	20,2240295	
SATG_p.DE	0,0229753	0,0112560	0,0397463	1,7618638	2,4622956	0,3211806	0,8916007	1,7064823	1,2918384
TCUG.F	0,1951755	0,2786840	0,1660610	1,3559511	1,4102507	0,0000000	0,0000000	-0,0000000	
KBCG.DE	0,0321323	0,0167876	0,0424398	2,1901789	2,9188308	0,1296042	0,2210869	1,5369113	0,3569033
SWEGn.DE	0,0204318	0,0135960	0,0744923	2,8268960	3,6672996	0,0831169	0,1504352	0,7825813	0,1893342
KSBG.DE	0,0174361	0,0108651	0,0366203	2,1507209	2,7717920	0,0935435	0,2974116	1,2083571	1,1445712
HNKG.DE	0,0131627	0,0099702	0,0247679	1,0896345	1,3607435	0,0403172	0,0658810	0,2676978	0,0609756
MDG1k.DE	0,0349402	0,0370685	0,0575631	6,1982616	6,8867964	0,1036281	0,1307397	-1,2390732	-0,4657188
MEOG.DE	0,0207175	0,0161555	0,0348259						
VVAGk.F	0,0370607	0,0430274	0,0951292	0,8760382	1,1362772	0,5542490	-3,2710496	7,9427607	
MEOG_p.DE	0,0175239	0,0086465	0,0453526						
LNSX.F	0,0185414	0,0176894	0,0309572	0,9830363	1,1989329	0,0874098	0,5454393	0,4335761	1,7494050
WAFGn.DE	0,0311770	0,0327826	0,0457411	3,1301695	4,0976271	0,0370869	0,0771229	0,2265258	-0,1507189
OHBG.DE	0,0153537	0,0121499	0,0378548	1,3730147	1,5299294	0,2198928	0,9040823	2,6939868	2,7601803
B8FGn.DE	0,0314517	0,0192501	0,0685610	2,3474567	2,8458918	1,2737531	-2,5155640	-1,2844054	
PUMG.DE	0,0183284	0,0203325	0,0311620	1,9145455	2,6611364	0,0082815	0,0134674	0,1410923	-1,7422999
SNGGk.F				1,9586777	2,7548209	0,6862106	-2,8214286	-5,7454545	-2,3727273
